"Device","Time","HR","HRV15"
0,1344381707.66,150.618612157,16264.0867347
0,1344381708.37,125.729681185,3511.0255102
0,1344381710.61,138.590991586,5395.6377551
