"Device","Time","HR","HRV15"
0,1344382052.36,122.377622378,346.775510204
0,1344382054.21,121.951219512,361.142857143
