"Device","Time","HR","HRV15"
0,0.0986351966858,67.3022994952,68990.5357143
0,2.31649303436,61.0420754306,24037.0663265
0,4.16657805443,58.2322357019,1754.37244898
