"Device","Time","HR","HRV15"
0,1344382583.37,94.5094509451,282535.265306
