"Device","Time","HR","HRV15"
0,1360090747.16,59.7567048446,344938.780612
0,1360090748.27,52.6943102691,414459.80102
